event_time,symbol,direction,severity,event_type,industry,source_quality,title
2026-07-20T10:51:05Z,603799.SH,1,3,m_and_a,有色,1.0,Huayou Cobalt to Repurchase Company Shares for 600 Million to 1 Billion Yuan
2026-06-24T06:02:21Z,603799.SH,1,2,industry,有色,0.9,Huayou Cycle launches dual-process dual-system battery recycling matrix
2026-04-28T11:02:52Z,603799.SH,-1,2,production,有色,1.0,Huayou Cobalt subsidiary enters temporary maintenance for partial production lines
2026-04-20T07:40:44Z,603799.SH,1,2,supply,有色,1.0,Huayou Cobalt obtains Zimbabwe lithium concentrate export permits
2026-05-07T01:02:07Z,603799.SH,1,2,m_and_a,有色,1.0,Huayou Cobalt to acquire 100% stake in Atlantic Lithium
2026-01-05T11:32:04Z,603799.SH,1,2,guidance,有色,1.0,Huayou Cobalt forecasts 2025 net profit growth of 40.80% to 55.24%
2026-08-07T09:02:18Z,600988.SH,1,2,production,黄金,1.0,Chifeng Gold subsidiary signs overseas mining service contract
2026-08-07T08:57:53Z,600988.SH,-1,1,production,黄金,1.0,Chifeng Gold subsidiary suspends operations of Laos rare earth project
2026-07-30T09:34:00Z,600988.SH,1,2,production,黄金,1.0,Chifeng Gold reports mineral resource estimate for SND project
2026-05-28T09:27:29Z,600988.SH,1,1,management,黄金,1.0,Chifeng Gold proposes early termination of ESOP
2026-05-20T08:36:38Z,600988.SH,1,1,guidance,黄金,1.0,Chifeng Gold implements 2025 annual equity distribution
2026-04-24T08:17:36Z,600988.SH,1,2,earnings,黄金,1.0,Chifeng Gold releases Q1 2026 financial report
2026-04-03T03:40:26Z,600988.SH,1,3,m_and_a,黄金,1.0,Zijin Mining to acquire 25.85% stake in Chifeng Gold
2026-01-30T01:30:08Z,600988.SH,-1,2,commodity,黄金,1.0,Gold stocks decline collectively and companies issue risk warnings
2026-01-05T09:22:07Z,600988.SH,1,2,guidance,黄金,1.0,Chifeng Gold expects 2025 net profit to increase 70% to 81% YoY
