date,symbol,open,high,low,close,volume
2022-08-16,600988.SH,21.85,21.85,20.52,21.27,499791
2022-08-17,600988.SH,21.19,21.2,20.4,20.53,439474
2022-08-18,600988.SH,20.49,20.6,19.92,20.04,370193
2022-08-21,600988.SH,20.04,20.8,19.78,20.68,406359
2022-08-22,600988.SH,20.57,20.8,19.72,20,413902
2022-08-23,600988.SH,20.23,20.56,20,20.09,416629
2022-08-24,600988.SH,20.1,21.29,20.1,21.06,535188
2022-08-25,600988.SH,20.85,21.35,20.79,20.86,360407
2022-08-28,600988.SH,20.27,20.83,20.02,20.5,351888
2022-08-29,600988.SH,20.68,20.86,20.2,20.38,192179
2022-08-30,600988.SH,20.27,20.59,19.38,19.48,371756
2022-08-31,600988.SH,19.44,19.69,19.1,19.42,274696
2022-09-01,600988.SH,19.41,19.47,19.1,19.3,182447
2022-09-04,600988.SH,19.37,20.2,19.31,19.98,246118
2022-09-05,600988.SH,20.38,21.08,20.1,21,281772
2022-09-06,600988.SH,20.51,20.91,20.46,20.74,192879
2022-09-07,600988.SH,21.1,21.66,20.65,21.26,389713
2022-09-08,600988.SH,21.25,21.82,21.05,21.5,295208
2022-09-12,600988.SH,21.88,23.3,21.82,22.75,533438
2022-09-13,600988.SH,22.18,22.69,22.02,22.48,333758
2022-09-14,600988.SH,22.49,22.75,21.22,21.65,413575
2022-09-15,600988.SH,21.33,21.6,20.8,21.09,309151
2022-09-18,600988.SH,21.04,21.25,20.5,20.78,239167
2022-09-19,600988.SH,21.02,21.55,20.58,21.25,251867
2022-09-20,600988.SH,21,21.98,20.7,21.8,360330
2022-09-21,600988.SH,21.48,22.19,21.08,21.6,437687
2022-09-22,600988.SH,21.99,22.2,21.3,21.54,254139
2022-09-25,600988.SH,20.93,21.22,20.29,20.38,492353
2022-09-26,600988.SH,20.49,20.56,19.79,20.31,342137
2022-09-27,600988.SH,20.27,20.5,19.6,19.67,233673
2022-09-28,600988.SH,20.4,21.14,20.11,20.17,341838
2022-09-29,600988.SH,20.47,20.7,19.91,20.28,253177
2022-10-09,600988.SH,20.75,20.78,20.01,20.14,399569
2022-10-10,600988.SH,20,20.38,19.68,20.19,205704
2022-10-11,600988.SH,20.17,21.1,20.06,21,335921
2022-10-12,600988.SH,20.89,20.9,20.02,20.1,282628
2022-10-13,600988.SH,20.11,20.5,19.91,20.29,248201
2022-10-16,600988.SH,19.91,20.2,19.86,20,201705
2022-10-17,600988.SH,19.9,19.9,19.07,19.4,578619
2022-10-18,600988.SH,19.4,19.41,18.27,18.42,544107
2022-10-19,600988.SH,18.07,18.69,17.84,18.27,351978
2022-10-20,600988.SH,18.2,18.26,17.68,17.73,334467
2022-10-23,600988.SH,18.14,19.04,18.04,18.84,540402
2022-10-24,600988.SH,18.61,19.18,18.2,18.41,457929
2022-10-25,600988.SH,18.51,18.73,17.91,18.51,438221
2022-10-26,600988.SH,18.62,19.5,18.62,19.32,574117
2022-10-27,600988.SH,19.13,20.97,19.04,20.43,786978
2022-10-30,600988.SH,18.39,19.08,18.39,18.82,1075271
2022-10-31,600988.SH,18.61,19.61,18.47,19.38,534702
2022-11-01,600988.SH,19.4,20.36,19.34,19.9,420738
2022-11-02,600988.SH,19.6,19.93,19.07,19.36,393527
2022-11-03,600988.SH,19.3,19.49,18.95,19.45,359929
2022-11-06,600988.SH,20.04,20.4,19.88,20.28,517338
2022-11-07,600988.SH,20.1,20.89,19.86,20.01,380708
2022-11-08,600988.SH,21.01,21.67,20.01,20.1,893000
2022-11-09,600988.SH,19.69,20.67,19.61,20.35,633468
2022-11-10,600988.SH,22,22.19,20.8,21.18,864853
2022-11-13,600988.SH,21.05,21.22,20.25,20.51,449156
2022-11-14,600988.SH,20.35,20.44,19.7,20.03,501379
2022-11-15,600988.SH,20.07,20.2,19.59,19.9,607033
2022-11-16,600988.SH,19.72,19.77,18.95,19.18,485455
2022-11-17,600988.SH,19.15,19.19,18.91,19.12,268855
2022-11-20,600988.SH,18.93,19.5,18.7,19.48,281568
2022-11-21,600988.SH,19.47,19.5,19.21,19.3,178145
2022-11-22,600988.SH,19.19,19.62,19,19.17,222060
2022-11-23,600988.SH,19.4,20.47,19.4,20.24,517076
2022-11-24,600988.SH,20.04,21.43,20.01,20.81,556955
2022-11-27,600988.SH,20.7,21.3,20.22,20.35,363576
2022-11-28,600988.SH,20.2,20.28,19.85,19.99,387869
2022-11-29,600988.SH,19.94,19.98,19.43,19.71,299395
2022-11-30,600988.SH,20.02,20.28,19.76,20.28,394945
2022-12-01,600988.SH,20.82,20.98,19.3,19.56,699918
2022-12-04,600988.SH,19.52,19.68,19.22,19.4,489790
2022-12-05,600988.SH,19.06,19.37,18.89,19.13,371009
2022-12-06,600988.SH,18.9,19.19,18.89,19.17,276631
2022-12-07,600988.SH,19.05,19.35,18.96,19.16,219019
2022-12-08,600988.SH,19.16,19.32,18.6,18.61,487373
2022-12-11,600988.SH,18.62,18.76,18.01,18.08,397015
2022-12-12,600988.SH,18,18.79,18,18.77,332414
2022-12-13,600988.SH,18.9,19.18,18.61,18.76,260633
2022-12-14,600988.SH,18.56,18.69,18.13,18.31,288952
2022-12-15,600988.SH,18.04,18.44,18.04,18.38,159116
2022-12-18,600988.SH,18.33,18.54,18.19,18.27,133521
2022-12-19,600988.SH,18.31,18.34,18,18.33,152348
2022-12-20,600988.SH,18.8,18.97,18.52,18.59,259234
2022-12-21,600988.SH,18.5,18.76,18.33,18.64,167158
2022-12-22,600988.SH,18.35,18.45,18.05,18.15,166599
2022-12-25,600988.SH,18.12,18.35,17.93,18.31,129301
2022-12-26,600988.SH,18.31,18.43,18.23,18.28,120870
2022-12-27,600988.SH,18.29,18.55,18.18,18.26,168550
2022-12-28,600988.SH,18.13,18.25,17.98,18.01,135147
2022-12-29,600988.SH,18.07,18.3,18.02,18.05,152433
2023-01-02,600988.SH,18.07,18.93,18,18.8,419866
2023-01-03,600988.SH,18.78,19.36,18.66,19.27,418112
2023-01-04,600988.SH,19.48,19.75,19.03,19.12,441120
2023-01-05,600988.SH,18.9,19.11,18.68,18.75,223271
2023-01-08,600988.SH,19.13,19.95,19.1,19.82,682206
2023-01-09,600988.SH,19.75,19.84,19.4,19.76,269637
2023-01-10,600988.SH,19.8,20.17,19.44,19.49,268162
2023-01-11,600988.SH,19.51,19.66,19.36,19.37,167435
2023-01-12,600988.SH,19.8,19.9,19.24,19.28,259637
2023-01-15,600988.SH,19.59,19.76,19.34,19.43,275538
2023-01-16,600988.SH,19.28,19.42,18.98,19.13,230978
2023-01-17,600988.SH,19.01,19.55,19,19.41,212060
2023-01-18,600988.SH,19.35,19.49,19.1,19.35,210137
2023-01-19,600988.SH,19.67,20.53,19.5,20.3,466626
2023-01-29,600988.SH,20.03,20.28,19.8,20.05,345838
2023-01-30,600988.SH,19.9,20.25,19.81,19.9,221180
2023-01-31,600988.SH,20,20.34,19.91,20.2,366444
2023-02-01,600988.SH,20.6,21.06,20.42,20.8,501804
2023-02-02,600988.SH,20.35,20.47,19.85,20.18,323770
2023-02-05,600988.SH,19.52,19.56,18.67,19.2,589809
2023-02-06,600988.SH,19.12,19.45,19.12,19.43,265297
2023-02-07,600988.SH,19.45,19.54,19.21,19.24,187465
2023-02-08,600988.SH,19.1,19.44,18.91,19.41,180713
2023-02-09,600988.SH,19.22,19.26,18.93,19.09,278941
2023-02-12,600988.SH,19,19.13,18.9,19.06,220735
2023-02-13,600988.SH,19.1,19.22,19,19.2,234672
2023-02-14,600988.SH,19.15,19.21,18.7,18.84,377211
2023-02-15,600988.SH,18.7,18.85,18.5,18.61,262792
2023-02-16,600988.SH,18.55,18.7,18.51,18.56,148204
2023-02-19,600988.SH,18.68,18.68,18.4,18.66,234685
2023-02-20,600988.SH,18.64,18.84,18.53,18.77,232215
2023-02-21,600988.SH,18.68,19.14,18.56,18.92,271820
2023-02-22,600988.SH,18.7,19,18.68,19,165211
2023-02-23,600988.SH,18.9,18.96,18.76,18.78,120022
2023-02-26,600988.SH,18.66,18.79,18.47,18.52,162878
2023-02-27,600988.SH,18.6,18.63,18.41,18.52,134138
2023-02-28,600988.SH,18.54,18.73,18.51,18.73,187419
2023-03-01,600988.SH,18.66,18.69,18.5,18.58,128310
2023-03-02,600988.SH,18.6,18.71,18.55,18.64,126007
2023-03-05,600988.SH,18.75,19.2,18.71,19.11,393429
2023-03-06,600988.SH,18.99,19.56,18.92,19.19,455630
2023-03-07,600988.SH,18.8,18.8,18.5,18.69,284889
2023-03-08,600988.SH,18.65,18.74,18.56,18.64,122704
2023-03-09,600988.SH,18.8,18.97,18.71,18.83,290406
2023-03-12,600988.SH,19.36,19.76,19.24,19.45,600714
2023-03-13,600988.SH,19.9,20.33,19.43,19.57,746836
2023-03-14,600988.SH,19.31,19.58,19.24,19.35,355799
2023-03-15,600988.SH,19.5,19.7,19.26,19.45,487840
2023-03-16,600988.SH,19.26,19.5,19.1,19.48,312829
2023-03-19,600988.SH,19.98,21.43,19.75,21.4,993478
2023-03-20,600988.SH,21,21.1,20.58,20.69,579852
2023-03-21,600988.SH,20.28,20.62,20.05,20.59,391444
2023-03-22,600988.SH,20.66,21,20.4,20.85,451168
2023-03-23,600988.SH,20.92,21.13,20.23,20.33,424205
2023-03-26,600988.SH,20.15,20.15,19.8,19.96,282992
2023-03-27,600988.SH,19.85,20.01,19.61,19.66,192908
2023-03-28,600988.SH,19.81,19.86,19.36,19.48,208847
2023-03-29,600988.SH,19.36,19.39,19.01,19.26,257206
2023-03-30,600988.SH,19.2,19.2,17.96,18.15,1293297
2023-04-02,600988.SH,17.65,18.03,17.6,18,467329
2023-04-03,600988.SH,18.13,18.6,18.12,18.47,518214
2023-04-05,600988.SH,18.83,19.05,18.52,18.75,614484
2023-04-06,600988.SH,18.41,18.42,18.14,18.2,487606
2023-04-09,600988.SH,18.08,18.15,17.85,18.06,375828
2023-04-10,600988.SH,18,18.6,17.87,18.53,469045
2023-04-11,600988.SH,18.53,19.2,18.48,18.94,608065
2023-04-12,600988.SH,18.92,19.16,18.41,18.56,370247
2023-04-13,600988.SH,18.95,19.03,18.65,18.66,422582
2023-04-16,600988.SH,18.25,18.5,18.1,18.35,370834
2023-04-17,600988.SH,18.2,18.45,18.12,18.18,312961
2023-04-18,600988.SH,18.21,18.28,18.02,18.09,243905
2023-04-19,600988.SH,18.01,18.18,17.79,17.87,306636
2023-04-20,600988.SH,18,18.03,17.58,17.64,252027
2023-04-23,600988.SH,17.64,17.65,16.17,16.44,637182
2023-04-24,600988.SH,16.55,16.79,15.86,16.23,397561
2023-04-25,600988.SH,16.23,16.44,15.97,16.35,176248
2023-04-26,600988.SH,16.16,16.64,16.13,16.53,194173
2023-04-27,600988.SH,16.39,16.6,16.27,16.57,188380
2023-05-03,600988.SH,16.98,17.36,16.98,17,443635
2023-05-04,600988.SH,17.18,17.23,16.74,16.83,176439
2023-05-07,600988.SH,16.75,16.93,16.55,16.73,211145
2023-05-08,600988.SH,16.74,16.79,16.3,16.33,251200
2023-05-09,600988.SH,16.33,16.63,16.32,16.37,168160
2023-05-10,600988.SH,16.37,16.43,16.1,16.23,169190
2023-05-11,600988.SH,16.06,16.31,15.95,16.14,132754
2023-05-14,600988.SH,16.18,16.47,16.09,16.42,152331
2023-05-15,600988.SH,16.42,16.43,16.1,16.17,156871
2023-05-16,600988.SH,16.01,16.23,15.93,16.17,113638
2023-05-17,600988.SH,16.17,16.25,16.08,16.1,147468
2023-05-18,600988.SH,16,16.2,15.75,16.16,167574
2023-05-21,600988.SH,16.2,16.32,16.17,16.28,112703
2023-05-22,600988.SH,16.2,16.28,16.12,16.16,95285
2023-05-23,600988.SH,16.15,16.41,16.11,16.34,137165
2023-05-24,600988.SH,16.2,16.23,15.81,15.88,201731
2023-05-25,600988.SH,15.7,16.05,15.7,15.93,125494
2023-05-28,600988.SH,15.9,16.03,15.75,15.8,127037
2023-05-29,600988.SH,15.8,15.88,15.35,15.59,200542
2023-05-30,600988.SH,15.7,16.03,15.64,16.03,225688
2023-05-31,600988.SH,15.98,16.07,15.83,15.86,139487
2023-06-01,600988.SH,15.95,16.4,15.93,16.28,217630
2023-06-04,600988.SH,16.1,16.12,15.86,15.88,165922
2023-06-05,600988.SH,15.92,16.09,15.61,15.71,144829
2023-06-06,600988.SH,15.71,15.82,15.65,15.71,78506
2023-06-07,600988.SH,15.65,15.65,15.4,15.42,158149
2023-06-08,600988.SH,15.57,15.78,15.38,15.74,224192
2023-06-11,600988.SH,15.6,15.61,15.32,15.5,160033
2023-06-12,600988.SH,15.4,15.53,15.39,15.48,98535
2023-06-13,600988.SH,15.39,15.47,14.98,15,348082
2023-06-14,600988.SH,14.86,14.9,13.95,14.39,650048
2023-06-15,600988.SH,14.35,14.54,14.32,14.42,264922
2023-06-18,600988.SH,14.42,14.45,14.17,14.23,198636
2023-06-19,600988.SH,14.17,14.35,14.05,14.2,179069
2023-06-20,600988.SH,14.1,14.2,13.72,13.75,293531
2023-06-25,600988.SH,13.82,13.93,13.4,13.47,342559
2023-06-26,600988.SH,13.4,13.59,13.36,13.5,307609
2023-06-27,600988.SH,13.56,13.59,13.18,13.49,254783
2023-06-28,600988.SH,13.4,13.55,13.36,13.4,216937
2023-06-29,600988.SH,13.4,13.54,13.33,13.46,219621
2023-07-02,600988.SH,13.52,13.8,13.5,13.64,399029
2023-07-03,600988.SH,13.62,13.66,13.31,13.37,402659
2023-07-04,600988.SH,13.32,13.47,13.23,13.28,352413
2023-07-05,600988.SH,13.24,13.4,13.02,13.18,256604
2023-07-06,600988.SH,13.11,13.23,12.88,13.09,310366
2023-07-09,600988.SH,13.16,13.39,13.16,13.35,268741
2023-07-10,600988.SH,13.38,13.63,13.28,13.63,378365
2023-07-11,600988.SH,13.59,13.78,13.55,13.57,323902
2023-07-12,600988.SH,13.81,14.09,13.8,13.92,442658
2023-07-13,600988.SH,13.91,14.27,13.9,14.02,321263
2023-07-16,600988.SH,14.06,14.94,14.03,14.83,831802
2023-07-17,600988.SH,14.71,14.93,14.55,14.81,386704
2023-07-18,600988.SH,15.3,15.36,14.8,15.04,546985
2023-07-19,600988.SH,14.98,15.23,14.79,14.83,485043
2023-07-20,600988.SH,14.75,14.94,14.63,14.79,277441
2023-07-23,600988.SH,14.79,14.99,14.6,14.68,206698
2023-07-24,600988.SH,14.6,14.81,14.53,14.55,269065
2023-07-25,600988.SH,14.56,14.84,14.46,14.76,241808
2023-07-26,600988.SH,14.73,14.98,14.64,14.73,222230
2023-07-27,600988.SH,14.28,14.68,14.25,14.64,228161
2023-07-30,600988.SH,14.68,14.93,14.66,14.8,209246
2023-07-31,600988.SH,14.93,15.13,14.86,14.98,279572
2023-08-01,600988.SH,14.83,15.03,14.8,15.01,180872
2023-08-02,600988.SH,14.86,14.99,14.75,14.88,155378
2023-08-03,600988.SH,14.87,15.1,14.84,15.03,180138
2023-08-06,600988.SH,15,15.38,15,15.24,348237
2023-08-07,600988.SH,15.2,15.59,15.01,15.5,364533
2023-08-08,600988.SH,15.38,15.75,15.34,15.62,438388
2023-08-09,600988.SH,15.56,15.59,15.35,15.49,214816
2023-08-10,600988.SH,15.48,15.56,15.03,15.05,276261
2023-08-13,600988.SH,15.01,15.41,14.98,15.21,280603
2023-08-14,600988.SH,15.15,15.22,14.7,14.88,239682
2023-08-15,600988.SH,14.82,15.2,14.73,14.93,204837
2023-08-16,600988.SH,14.85,15.13,14.55,15.09,171773
2023-08-17,600988.SH,15.03,15.08,14.69,14.72,140094
2023-08-20,600988.SH,14.65,14.91,14.62,14.74,125657
2023-08-21,600988.SH,14.79,15.16,14.78,15.11,267514
2023-08-22,600988.SH,15.11,15.11,14.83,14.88,174073
2023-08-23,600988.SH,15.01,15.75,15.01,15.42,488206
2023-08-24,600988.SH,15.3,15.34,15.01,15.08,243075
2023-08-27,600988.SH,15.55,15.66,14.68,15.12,418740
2023-08-28,600988.SH,15.03,15.33,14.98,15.32,258209
2023-08-29,600988.SH,15.5,15.72,15.27,15.38,284065
2023-08-30,600988.SH,15.45,15.71,15.09,15.13,387398
2023-08-31,600988.SH,15,15.2,14.95,15.16,192734
2023-09-03,600988.SH,15.16,15.4,15.03,15.26,235135
2023-09-04,600988.SH,15.15,15.23,15.02,15.14,146692
2023-09-05,600988.SH,15.02,15.06,14.7,14.76,255977
2023-09-06,600988.SH,14.68,14.7,14.35,14.56,217517
2023-09-07,600988.SH,14.66,14.91,14.66,14.87,180614
2023-09-10,600988.SH,14.81,15.29,14.8,15.18,282020
2023-09-11,600988.SH,15.14,15.25,14.92,14.93,158889
2023-09-12,600988.SH,14.88,15.07,14.8,15.02,162375
2023-09-13,600988.SH,14.98,15.58,14.98,15.44,527327
2023-09-14,600988.SH,15.68,15.98,15.31,15.53,453716
2023-09-17,600988.SH,15.4,15.49,15.25,15.3,265504
2023-09-18,600988.SH,15.39,15.75,15.3,15.54,329207
2023-09-19,600988.SH,15.52,15.57,15.28,15.38,177493
2023-09-20,600988.SH,15.25,15.33,14.96,15.03,280761
2023-09-21,600988.SH,14.95,15.01,14.6,14.92,324152
2023-09-24,600988.SH,14.89,15.23,14.81,15.02,198454
2023-09-25,600988.SH,14.95,14.99,14.8,14.84,142789
2023-09-26,600988.SH,14.71,14.8,14.62,14.67,149763
2023-09-27,600988.SH,14.5,14.6,14.4,14.54,184674
2023-10-08,600988.SH,14.54,14.54,13.95,14.41,217617
2023-10-09,600988.SH,14.43,14.91,14.43,14.7,260628
2023-10-10,600988.SH,14.75,14.78,14.23,14.32,264214
2023-10-11,600988.SH,14.41,14.48,14.31,14.45,132588
2023-10-12,600988.SH,14.31,14.41,14.15,14.35,135299
2023-10-15,600988.SH,14.7,15.15,14.66,14.81,541100
2023-10-16,600988.SH,14.65,14.7,14.43,14.67,221099
2023-10-17,600988.SH,14.72,14.82,14.55,14.59,171716
2023-10-18,600988.SH,14.53,14.78,14.38,14.41,219099
2023-10-19,600988.SH,14.57,14.9,14.41,14.55,315774
2023-10-22,600988.SH,14.23,14.48,14.19,14.3,162059
2023-10-23,600988.SH,14.32,14.39,14.05,14.34,197808
2023-10-24,600988.SH,14.24,14.43,14.22,14.31,136580
2023-10-25,600988.SH,14.39,14.55,14.25,14.52,174899
2023-10-26,600988.SH,14.49,14.68,14.37,14.68,198268
2023-10-29,600988.SH,14.9,15,14.69,14.7,245610
2023-10-30,600988.SH,14.6,14.84,14.51,14.79,162836
2023-10-31,600988.SH,14.65,14.69,14.47,14.55,133622
2023-11-01,600988.SH,14.57,14.62,14.42,14.42,106424
2023-11-02,600988.SH,14.41,14.55,14.35,14.47,123506
2023-11-05,600988.SH,14.47,14.75,14.47,14.64,235020
2023-11-06,600988.SH,14.57,14.57,14.38,14.42,202504
2023-11-07,600988.SH,14.35,14.35,14.05,14.15,275917
2023-11-08,600988.SH,14.06,14.13,13.98,14,190722
2023-11-09,600988.SH,14.01,14.04,13.91,14.03,93224
2023-11-12,600988.SH,13.97,14.18,13.92,14.18,137418
2023-11-13,600988.SH,14.18,14.18,14.03,14.09,110081
2023-11-14,600988.SH,14.21,14.27,14.1,14.18,174920
2023-11-15,600988.SH,14.11,14.11,13.95,14.02,124410
2023-11-16,600988.SH,14.11,14.14,14.02,14.1,126093
2023-11-19,600988.SH,14.03,14.1,13.93,13.96,200086
2023-11-20,600988.SH,13.96,14.08,13.96,13.98,181004
2023-11-21,600988.SH,14.01,14.07,13.78,13.78,220954
2023-11-22,600988.SH,13.7,13.77,13.47,13.59,284051
2023-11-23,600988.SH,13.55,13.61,13.36,13.44,227414
2023-11-26,600988.SH,13.5,13.78,13.5,13.63,202843
2023-11-27,600988.SH,13.64,13.74,13.46,13.71,140415
2023-11-28,600988.SH,14,14.18,13.94,13.99,415089
2023-11-29,600988.SH,13.99,14.06,13.82,13.91,175819
2023-11-30,600988.SH,13.95,14.05,13.83,14.03,141909
2023-12-03,600988.SH,14.4,15.1,14.4,14.87,839077
2023-12-04,600988.SH,14.57,14.65,14.27,14.27,292649
2023-12-05,600988.SH,14.28,14.42,14.09,14.39,201785
2023-12-06,600988.SH,14.3,14.34,14.1,14.3,158514
2023-12-07,600988.SH,14.29,14.4,14.21,14.31,134005
2023-12-10,600988.SH,14.1,14.25,13.75,14.2,249136
2023-12-11,600988.SH,14.04,14.24,13.98,14.22,131100
2023-12-12,600988.SH,14.09,14.29,14,14.02,135691
2023-12-13,600988.SH,14.52,14.6,14.1,14.13,245191
2023-12-14,600988.SH,14.13,14.35,13.97,14.01,166843
2023-12-17,600988.SH,13.79,13.98,13.76,13.82,114297
2023-12-18,600988.SH,13.82,13.88,13.68,13.79,87188
2023-12-19,600988.SH,13.81,14.14,13.8,13.95,174873
2023-12-20,600988.SH,13.8,13.87,13.61,13.74,161940
2023-12-21,600988.SH,13.74,13.79,13.53,13.62,171453
2023-12-24,600988.SH,13.6,13.73,13.55,13.66,97870
2023-12-25,600988.SH,13.66,13.87,13.6,13.76,139015
2023-12-26,600988.SH,13.76,13.79,13.65,13.76,112308
2023-12-27,600988.SH,13.88,14.02,13.76,13.96,206522
2023-12-28,600988.SH,13.81,14.02,13.8,14.01,145847
2024-01-01,600988.SH,14.02,14.8,13.97,14.52,499310
2024-01-02,600988.SH,14.49,14.81,14.4,14.51,216532
2024-01-03,600988.SH,14.41,14.75,14.3,14.68,255450
2024-01-04,600988.SH,14.58,14.95,14.58,14.74,277213
2024-01-07,600988.SH,14.73,14.78,14.41,14.45,216254
2024-01-08,600988.SH,14.48,14.53,14.26,14.37,144399
2024-01-09,600988.SH,14.27,14.53,14.21,14.26,133956
2024-01-10,600988.SH,14.22,14.27,13.85,14.1,200836
2024-01-11,600988.SH,13.98,14.27,13.96,14.14,144703
2024-01-14,600988.SH,14.14,14.33,14.04,14.08,140654
2024-01-15,600988.SH,14.1,14.12,13.66,13.94,182023
2024-01-16,600988.SH,13.9,13.9,13.39,13.4,212909
2024-01-17,600988.SH,13.28,13.3,12.7,13.17,315419
2024-01-18,600988.SH,13.1,13.25,12.92,13.08,171056
2024-01-21,600988.SH,13,13.1,12.05,12.12,374365
2024-01-22,600988.SH,12.07,12.39,11.67,12.26,209718
2024-01-23,600988.SH,12.24,12.34,11.95,12.32,176156
2024-01-24,600988.SH,12.28,12.49,12.21,12.45,269370
2024-01-25,600988.SH,12.4,12.49,12.28,12.37,183636
2024-01-28,600988.SH,12.36,12.63,12.36,12.54,277514
2024-01-29,600988.SH,12.57,12.78,12.25,12.35,321469
2024-01-30,600988.SH,12.31,12.36,11.96,12,207037
2024-01-31,600988.SH,11.94,12.32,11.88,12.01,197339
2024-02-01,600988.SH,12.18,12.3,11.65,12,250746
2024-02-04,600988.SH,11.68,11.89,11.23,11.76,317446
2024-02-05,600988.SH,11.66,12.43,11.53,12.38,282148
2024-02-06,600988.SH,12.43,13.3,12.41,13.28,469580
2024-02-07,600988.SH,13.31,13.94,13.31,13.54,414745
2024-02-18,600988.SH,13.63,13.64,13.05,13.15,388356
2024-02-19,600988.SH,13.1,13.23,12.97,13.16,238345
2024-02-20,600988.SH,13.1,13.35,13.03,13.07,322900
2024-02-21,600988.SH,13,13.13,12.97,13.1,235429
2024-02-22,600988.SH,13.05,13.09,12.89,13.02,291460
2024-02-25,600988.SH,13.02,13.1,12.86,12.89,276603
2024-02-26,600988.SH,12.87,13.02,12.79,13.01,264643
2024-02-27,600988.SH,12.96,13.2,12.73,12.74,408090
2024-02-28,600988.SH,12.7,12.93,12.68,12.92,303777
2024-02-29,600988.SH,12.96,13.34,12.93,13.29,425316
2024-03-03,600988.SH,13.65,13.93,13.46,13.63,497084
2024-03-04,600988.SH,14.15,14.26,13.81,13.94,636299
2024-03-05,600988.SH,14.29,14.4,13.95,14.24,522070
2024-03-06,600988.SH,14.41,14.82,14.36,14.55,615604
2024-03-07,600988.SH,14.41,14.55,14.13,14.36,432281
2024-03-10,600988.SH,14.64,14.78,14.18,14.38,399203
2024-03-11,600988.SH,14.33,14.35,13.99,14.09,358504
2024-03-12,600988.SH,13.85,14.17,13.75,14.09,322299
2024-03-13,600988.SH,14.23,14.41,14.09,14.13,303655
2024-03-14,600988.SH,14.01,14.85,13.97,14.78,496907
2024-03-17,600988.SH,14.57,14.72,14.37,14.64,362554
2024-03-18,600988.SH,14.62,14.93,14.52,14.56,359852
2024-03-19,600988.SH,14.56,14.6,14.4,14.47,276292
2024-03-20,600988.SH,14.95,15.06,14.62,14.7,396182
2024-03-21,600988.SH,14.6,14.66,14.26,14.32,286964
2024-03-24,600988.SH,14.4,14.75,14.4,14.55,338826
2024-03-25,600988.SH,14.6,14.67,14.33,14.45,238752
2024-03-26,600988.SH,14.52,14.65,14.38,14.38,221594
2024-03-27,600988.SH,14.48,14.93,14.37,14.86,478394
2024-03-28,600988.SH,15.3,16.35,15.3,16.35,1125527
2024-03-31,600988.SH,16.91,17.5,16.87,17.28,1456786
2024-04-01,600988.SH,17.24,17.61,17.1,17.44,902311
2024-04-02,600988.SH,17.89,18.25,17.61,18.15,1282330
2024-04-07,600988.SH,18.48,19.47,18.43,19,1388205
2024-04-08,600988.SH,18.81,19.23,18.28,18.88,849610
2024-04-09,600988.SH,19.19,19.5,18.99,19.21,873697
2024-04-10,600988.SH,18.63,19.74,18.63,19.17,931827
2024-04-11,600988.SH,19.9,21.09,19.4,21.01,1377094
2024-04-14,600988.SH,19.98,20.26,19.4,20.19,1409267
2024-04-15,600988.SH,20.36,20.37,18.67,18.85,1160035
2024-04-16,600988.SH,18.89,19.49,18.89,19.2,682801
2024-04-17,600988.SH,18.71,19.33,18.67,19.15,659931
2024-04-18,600988.SH,19.4,20.05,19.13,19.31,1058600
2024-04-21,600988.SH,19.03,19.45,18.2,18.25,882059
2024-04-22,600988.SH,17.86,18.23,17.67,17.95,724738
2024-04-23,600988.SH,18.15,18.5,18.01,18.4,504601
2024-04-24,600988.SH,18.27,18.74,18,18.42,522696
2024-04-25,600988.SH,18.74,19.28,18.58,19.14,710356
2024-04-28,600988.SH,18.9,19.14,18.28,18.69,674550
2024-04-29,600988.SH,18.41,18.69,17.8,17.92,764831
2024-05-05,600988.SH,17.55,18.05,17.39,18,832190
2024-05-06,600988.SH,18.11,18.29,17.88,18.07,555039
2024-05-07,600988.SH,17.93,18.18,17.45,17.9,586999
2024-05-08,600988.SH,17.7,18.33,17.7,18.2,480188
2024-05-09,600988.SH,18.88,19,17.98,18.44,783141
2024-05-12,600988.SH,18.2,18.34,17.87,18.06,443006
2024-05-13,600988.SH,18.1,18.22,17.67,17.94,464443
2024-05-14,600988.SH,18.01,18.41,17.85,18.09,479653
2024-05-15,600988.SH,18.45,18.75,17.92,17.92,615479
2024-05-16,600988.SH,17.69,18,17.56,17.99,362222
2024-05-19,600988.SH,18.7,19.38,18.21,19.06,1027992
2024-05-20,600988.SH,18.8,19.06,17.88,17.9,764020
2024-05-21,600988.SH,17.88,18.11,17.69,17.8,337837
2024-05-22,600988.SH,17.01,17.5,16.87,17.22,426510
2024-05-23,600988.SH,17,17.58,16.98,17.4,301234
2024-05-26,600988.SH,17.47,17.76,17.3,17.49,278129
2024-05-27,600988.SH,17.65,17.78,17.3,17.33,318519
2024-05-28,600988.SH,17.33,17.95,17.25,17.85,398561
2024-05-29,600988.SH,17.53,17.65,17.03,17.13,380874
2024-05-30,600988.SH,17.13,17.52,17.12,17.5,311177
2024-06-02,600988.SH,17.29,17.4,16.9,17.07,323427
2024-06-03,600988.SH,17.28,17.82,17.15,17.73,385833
2024-06-04,600988.SH,17.41,17.9,17.03,17.62,340862
2024-06-05,600988.SH,18.02,18.4,17.91,18.08,672451
2024-06-06,600988.SH,18.28,18.45,17.66,17.91,492690
2024-06-10,600988.SH,16.82,16.99,16.36,16.66,963542
2024-06-11,600988.SH,16.63,17.08,16.56,16.98,403232
2024-06-12,600988.SH,16.83,16.9,16.4,16.64,367690
2024-06-13,600988.SH,16.6,16.96,16.53,16.79,308938
2024-06-16,600988.SH,17,17,16.45,16.46,259058
2024-06-17,600988.SH,16.6,16.89,16.4,16.73,239769
2024-06-18,600988.SH,16.76,17.05,16.69,16.7,230096
2024-06-19,600988.SH,16.79,16.9,16.39,16.62,257321
2024-06-20,600988.SH,16.86,17.21,16.78,17,468813
2024-06-23,600988.SH,16.58,16.85,16.45,16.66,330937
2024-06-24,600988.SH,16.63,16.68,16.33,16.44,247391
2024-06-25,600988.SH,16.3,16.45,16,16.41,280578
2024-06-26,600988.SH,16.18,16.28,15.98,16.05,198975
2024-06-27,600988.SH,16.1,16.51,16.06,16.34,297770
2024-06-30,600988.SH,16.34,17.3,16.34,17.24,446726
2024-07-01,600988.SH,17.38,17.65,17.2,17.33,354807
2024-07-02,600988.SH,17.33,17.51,17.15,17.4,241956
2024-07-03,600988.SH,17.92,18.1,17.33,17.33,352272
2024-07-04,600988.SH,17.44,18.2,17.04,18.16,585083
2024-07-07,600988.SH,18.38,18.56,18.13,18.2,510438
2024-07-08,600988.SH,18.19,19.08,18.03,18.85,525721
2024-07-09,600988.SH,18.8,19.3,18.76,18.85,405390
2024-07-10,600988.SH,18.97,19.66,18.76,19.5,458064
2024-07-11,600988.SH,20.38,20.53,19.49,19.78,857240
2024-07-14,600988.SH,19.85,20.5,19.68,20.2,536248
2024-07-15,600988.SH,20.35,20.89,20.27,20.81,508465
2024-07-16,600988.SH,21.41,21.57,20.69,20.78,586184
2024-07-17,600988.SH,20.6,20.95,20.27,20.95,432678
2024-07-18,600988.SH,19.99,20.46,19.81,20.28,429194
2024-07-21,600988.SH,20.08,20.32,19.7,20.08,329173
2024-07-22,600988.SH,20.01,20.2,19.2,19.26,335922
2024-07-23,600988.SH,19.43,19.71,19.25,19.54,269469
2024-07-24,600988.SH,19,19.26,18.53,18.69,342948
2024-07-25,600988.SH,18.68,19.04,18.35,18.92,238460
2024-07-28,600988.SH,19.09,19.52,18.83,18.9,231419
2024-07-29,600988.SH,18.8,19.08,18.6,19,163596
2024-07-30,600988.SH,19.19,19.65,19.03,19.6,318856
2024-07-31,600988.SH,19.9,20.22,19.58,19.63,398567
2024-08-01,600988.SH,19.3,20.09,19.23,19.93,411722
2024-08-04,600988.SH,19.25,19.59,18.76,19.01,495743
2024-08-05,600988.SH,19,19.08,18.3,18.55,365734
2024-08-06,600988.SH,18.45,18.7,18.21,18.5,193491
2024-08-07,600988.SH,18.27,18.35,17.8,18.07,278237
2024-08-08,600988.SH,18.34,18.44,17.76,17.76,288985
2024-08-11,600988.SH,17.8,18.03,17.63,17.98,161881
2024-08-12,600988.SH,18.4,18.48,17.74,17.98,283301
2024-08-13,600988.SH,17.91,18.12,17.87,18,205706
2024-08-14,600988.SH,17.71,17.95,17.56,17.85,217354
2024-08-15,600988.SH,18.03,18.03,17.34,17.55,234631
2024-08-18,600988.SH,17.95,18.88,17.95,18.41,516742
2024-08-19,600988.SH,18.41,18.6,17.91,18.11,303379
2024-08-20,600988.SH,18.31,19.25,18.07,18.88,491381
2024-08-21,600988.SH,18.85,18.96,18.58,18.6,255145
2024-08-22,600988.SH,18.33,18.42,18.1,18.35,220338
2024-08-25,600988.SH,18.65,18.73,17.72,18.15,332048
2024-08-26,600988.SH,18.08,18.18,17.71,17.93,216712
2024-08-27,600988.SH,17.95,18.24,17.65,17.71,199178
2024-08-28,600988.SH,17.6,18.17,17.51,18,205009
2024-08-29,600988.SH,17.87,17.94,17.3,17.39,523400
2024-09-01,600988.SH,17.35,17.36,16.68,17,441950
2024-09-02,600988.SH,17.03,17.03,16.72,16.89,211527
2024-09-03,600988.SH,16.8,17,16.6,16.71,209339
2024-09-04,600988.SH,16.88,16.99,16.71,16.86,185765
2024-09-05,600988.SH,16.96,17.49,16.92,17.27,346774
2024-09-08,600988.SH,16.9,17,16.63,16.77,270596
2024-09-09,600988.SH,16.86,16.9,16.5,16.79,196095
2024-09-10,600988.SH,16.82,16.99,16.71,16.93,210023
2024-09-11,600988.SH,16.72,16.83,16.51,16.67,207403
2024-09-12,600988.SH,17.3,17.64,17.03,17.27,503214
2024-09-17,600988.SH,17.4,17.61,16.73,17,365976
2024-09-18,600988.SH,16.85,17.17,16.45,17.16,415041
2024-09-19,600988.SH,17.1,18.1,16.92,17.9,597075
2024-09-22,600988.SH,18.08,18.77,17.99,18.56,540679
2024-09-23,600988.SH,18.65,18.84,18.41,18.77,588717
2024-09-24,600988.SH,19.04,19.52,18.8,18.83,548411
2024-09-25,600988.SH,18.77,19.14,18.7,19.09,406950
2024-09-26,600988.SH,19.12,19.45,18.64,19.03,503995
2024-09-29,600988.SH,19.2,20.25,18.72,20.17,1723087
2024-10-07,600988.SH,21.45,21.68,19,19.64,1823123
2024-10-08,600988.SH,19,19.26,17.84,17.97,1097794
2024-10-09,600988.SH,17.97,18.46,17.73,17.93,684797
2024-10-10,600988.SH,18.29,18.78,18.05,18.18,738883
2024-10-13,600988.SH,18.19,19.05,17.9,19,818689
2024-10-14,600988.SH,18.7,18.76,18.24,18.26,710015
2024-10-15,600988.SH,18.51,19.62,18.3,19.57,1157625
2024-10-16,600988.SH,19.35,19.54,19.01,19.19,711324
2024-10-17,600988.SH,19.58,19.94,19.46,19.66,1112995
2024-10-20,600988.SH,19.91,20.66,19.81,20.43,1027201
2024-10-21,600988.SH,20.18,20.88,19.94,20.32,815947
2024-10-22,600988.SH,20.7,20.98,19.91,20.1,724541
2024-10-23,600988.SH,19.45,19.66,19.19,19.59,531515
2024-10-24,600988.SH,19.4,19.49,18.91,18.98,618797
2024-10-27,600988.SH,18.8,19.03,18.73,19.01,449502
2024-10-28,600988.SH,19.07,20.05,19,19.57,818872
2024-10-29,600988.SH,19.92,20.3,19.36,19.99,813384
2024-10-30,600988.SH,19.59,19.64,18.94,19,969412
2024-10-31,600988.SH,18.6,19.09,18.29,18.78,649963
2024-11-03,600988.SH,18.59,18.84,18.45,18.73,458306
2024-11-04,600988.SH,18.56,18.89,18.45,18.87,672186
2024-11-05,600988.SH,18.73,19.23,18.59,18.74,738624
2024-11-06,600988.SH,17.77,17.9,17.12,17.87,1122823
2024-11-07,600988.SH,18.1,18.2,17.51,17.58,824015
2024-11-10,600988.SH,17.31,17.36,17.1,17.34,654047
2024-11-11,600988.SH,16.98,17.36,16.87,17,742974
2024-11-12,600988.SH,17,17.26,17,17.18,515920
2024-11-13,600988.SH,17,17.29,16.88,17.16,517437
2024-11-14,600988.SH,17.25,17.63,17.12,17.2,679497
2024-11-17,600988.SH,17.37,17.48,16.8,16.92,513744
2024-11-18,600988.SH,17.12,17.52,17.12,17.4,722497
2024-11-19,600988.SH,17.45,17.56,17.25,17.36,412791
2024-11-20,600988.SH,17.41,17.95,17.33,17.87,676101
2024-11-21,600988.SH,17.96,18,17.57,17.66,637073
2024-11-24,600988.SH,17.8,17.94,17,17.24,598978
2024-11-25,600988.SH,16.79,17.06,16.71,16.85,436818
2024-11-26,600988.SH,16.85,17.12,16.61,17.11,314278
2024-11-27,600988.SH,16.9,17,16.73,16.84,336938
2024-11-28,600988.SH,16.84,17,16.76,16.96,411584
2024-12-01,600988.SH,16.77,16.9,16.73,16.85,409236
2024-12-02,600988.SH,16.88,17.05,16.8,16.92,419817
2024-12-03,600988.SH,16.92,16.96,16.76,16.81,303502
2024-12-04,600988.SH,16.78,16.81,16.64,16.79,235774
2024-12-05,600988.SH,16.68,16.86,16.63,16.81,347692
2024-12-08,600988.SH,16.99,17.38,16.99,17.11,672550
2024-12-09,600988.SH,17.39,17.48,17.01,17.07,483302
2024-12-10,600988.SH,17.28,17.36,17.1,17.2,369882
2024-12-11,600988.SH,17.29,17.45,17.21,17.28,462549
2024-12-12,600988.SH,17.1,17.1,16.84,16.88,463373
2024-12-15,600988.SH,16.72,16.82,16.61,16.62,337955
2024-12-16,600988.SH,16.61,16.68,16.43,16.49,251489
2024-12-17,600988.SH,16.5,16.57,16.2,16.45,292264
2024-12-18,600988.SH,16.15,16.22,15.82,16.2,467559
2024-12-19,600988.SH,16.09,16.38,16.04,16.19,295180
2024-12-22,600988.SH,16.3,16.33,16.07,16.09,257319
2024-12-23,600988.SH,16.11,16.11,15.74,15.95,373347
2024-12-24,600988.SH,15.87,15.95,15.76,15.82,199894
2024-12-25,600988.SH,15.87,16.18,15.87,16.07,250614
2024-12-26,600988.SH,16.07,16.2,15.93,16.01,210910
2024-12-29,600988.SH,16.19,16.3,15.86,15.91,318067
2024-12-30,600988.SH,15.9,15.9,15.55,15.61,330839
2025-01-01,600988.SH,15.7,16.32,15.65,16.24,677343
2025-01-02,600988.SH,16.25,16.93,16.25,16.55,867801
2025-01-05,600988.SH,16.44,16.65,16.05,16.26,435705
2025-01-06,600988.SH,16.15,16.54,15.92,16.53,404526
2025-01-07,600988.SH,16.43,16.72,16.07,16.31,415881
2025-01-08,600988.SH,16.31,16.38,16.1,16.18,263485
2025-01-09,600988.SH,16.27,16.4,16.11,16.28,317658
2025-01-12,600988.SH,16.2,17.07,16.03,16.95,731568
2025-01-13,600988.SH,16.62,16.95,16.61,16.92,500623
2025-01-14,600988.SH,16.98,17.05,16.48,16.68,422904
2025-01-15,600988.SH,16.85,17.14,16.85,16.97,526608
2025-01-16,600988.SH,17.09,17.35,16.98,17.16,461522
2025-01-19,600988.SH,17,17.08,16.79,17,319565
2025-01-20,600988.SH,17.24,17.66,17.18,17.4,673362
2025-01-21,600988.SH,17.64,17.98,17.51,17.87,776876
2025-01-22,600988.SH,17.72,18.16,17.68,17.79,504805
2025-01-23,600988.SH,17.98,18.04,17.59,17.91,454267
2025-01-26,600988.SH,17.99,18.1,17.85,17.88,369797
2025-02-04,600988.SH,18.59,19.45,18.58,19.39,1030086
2025-02-05,600988.SH,19.39,19.8,19.33,19.55,808020
2025-02-06,600988.SH,19.6,19.73,19.19,19.72,660712
2025-02-09,600988.SH,19.8,20.09,19.35,19.79,606995
2025-02-10,600988.SH,20.15,20.98,20.1,20.17,996368
2025-02-11,600988.SH,19.77,20.05,19.65,19.87,561958
2025-02-12,600988.SH,19.93,20.26,19.74,19.87,448415
2025-02-13,600988.SH,20.15,20.23,19.69,19.95,412859
2025-02-16,600988.SH,18.99,19.51,18.68,19.31,538942
2025-02-17,600988.SH,19.31,19.62,19.2,19.56,375300
2025-02-18,600988.SH,19.85,20.04,19.46,19.72,428761
2025-02-19,600988.SH,19.73,20.25,19.7,20.14,496283
2025-02-20,600988.SH,20.06,20.15,19.41,19.46,508624
2025-02-23,600988.SH,19.04,19.78,19.01,19.66,488523
2025-02-24,600988.SH,19.75,19.99,19.28,19.42,363465
2025-02-25,600988.SH,19.37,19.71,19.15,19.18,301282
2025-02-26,600988.SH,19.18,19.24,18.7,18.77,393617
2025-02-27,600988.SH,18.6,18.74,18.1,18.22,432958
2025-03-02,600988.SH,18.32,18.55,18.06,18.16,286386
2025-03-03,600988.SH,18.3,18.9,18.26,18.66,445446
2025-03-04,600988.SH,18.72,19.29,18.68,19.27,413438
2025-03-05,600988.SH,19.27,19.47,18.99,19.23,343662
2025-03-06,600988.SH,19.03,19.48,19.01,19.28,355966
2025-03-09,600988.SH,19.29,19.41,18.88,19.08,310394
2025-03-10,600988.SH,18.6,18.9,18.6,18.84,340930
2025-03-11,600988.SH,18.87,19.18,18.8,18.88,243967
2025-03-12,600988.SH,19.17,19.35,18.91,19,329431
2025-03-13,600988.SH,19.9,20.06,19.46,19.73,757921
2025-03-16,600988.SH,19.68,19.89,19.35,19.44,349541
2025-03-17,600988.SH,19.6,21.13,19.6,20.92,902018
2025-03-18,600988.SH,20.98,21.66,20.88,21.28,716765
2025-03-19,600988.SH,21.81,22.15,21.48,21.52,741927
2025-03-20,600988.SH,21.55,21.75,21.07,21.26,492337
2025-03-23,600988.SH,20.94,21.26,20.7,20.91,406822
2025-03-24,600988.SH,20.82,21.17,20.64,20.87,335050
2025-03-25,600988.SH,20.99,21.08,20.5,20.6,409110
2025-03-26,600988.SH,20.63,20.98,20.4,20.84,334204
2025-03-27,600988.SH,21.67,21.79,20.92,21.64,679640
2025-03-30,600988.SH,21.74,23.06,21.74,22.9,1085410
2025-03-31,600988.SH,23.16,23.42,22.44,22.75,837959
2025-04-01,600988.SH,22.6,22.91,21.82,21.9,653418
2025-04-02,600988.SH,22.46,23,22.21,22.29,848295
2025-04-06,600988.SH,20.1,22,20.1,21.2,1046173
2025-04-07,600988.SH,21.13,21.84,20.61,21.27,823914
2025-04-08,600988.SH,20.81,22.36,20.39,22.12,757187
2025-04-09,600988.SH,22.32,24.33,22.22,23.87,1144927
2025-04-10,600988.SH,25.13,26.21,25.13,25.7,1171769
2025-04-13,600988.SH,25.35,27.7,25.28,27.59,1047189
2025-04-14,600988.SH,27.08,28.04,26.64,27.71,874606
2025-04-15,600988.SH,28.9,29.98,28.15,29.95,1026726
2025-04-16,600988.SH,30.8,32.34,28.55,28.85,1734149
2025-04-17,600988.SH,29,29.11,27.63,28.18,1025211
2025-04-20,600988.SH,29.32,31,29.13,31,1024026
2025-04-21,600988.SH,32,32.66,30.72,31.3,1562669
2025-04-22,600988.SH,29.34,29.98,28.17,28.17,1770702
2025-04-23,600988.SH,28.9,29.14,27.55,27.65,1032574
2025-04-24,600988.SH,28.01,28.29,26.75,27.1,897027
2025-04-27,600988.SH,26.34,26.88,26.21,26.68,714200
2025-04-28,600988.SH,26.9,26.99,26.39,26.53,452730
2025-04-29,600988.SH,26.4,27.3,26.26,26.27,595796
2025-05-05,600988.SH,27.3,27.75,26.8,27.24,1073290
2025-05-06,600988.SH,26.91,27.84,26.71,27.44,1072867
2025-05-07,600988.SH,27.35,28.14,26.6,26.66,1009058
2025-05-08,600988.SH,26.02,26.96,26.01,26.87,690783
2025-05-11,600988.SH,25.88,26.56,25.13,26.48,757491
2025-05-12,600988.SH,25.81,26.8,25.8,26.76,810940
2025-05-13,600988.SH,26.4,26.9,26.1,26.33,534049
2025-05-14,600988.SH,25.9,26.28,25.67,26.08,546549
2025-05-15,600988.SH,26.39,26.6,25.94,26.03,454589
2025-05-18,600988.SH,26.29,26.79,25.94,26.03,438962
2025-05-19,600988.SH,26,26.9,25.99,26.34,552096
2025-05-20,600988.SH,27.23,27.82,26.59,27.82,1242775
2025-05-21,600988.SH,28,28.48,27.44,27.49,864827
2025-05-22,600988.SH,27.1,28.78,26.9,28.36,844874
2025-05-25,600988.SH,27.9,28.41,27.48,27.91,626280
2025-05-26,600988.SH,27.71,28.08,26.62,26.72,609939
2025-05-27,600988.SH,26.66,27.07,26.58,26.91,306919
2025-05-28,600988.SH,26.02,26.64,25.9,26.54,403591
2025-05-29,600988.SH,26.88,26.96,26.26,26.26,296372
2025-06-02,600988.SH,27.28,28.19,26.92,27.44,727336
2025-06-03,600988.SH,27.31,27.9,27.25,27.44,442742
2025-06-04,600988.SH,27.63,27.72,26.91,27.02,389997
2025-06-05,600988.SH,26.97,27.91,26.9,27.32,585434
2025-06-08,600988.SH,26.7,27.02,26.26,26.83,499518
2025-06-09,600988.SH,26.6,27,26.48,26.9,395534
2025-06-10,600988.SH,26.77,27.24,26.61,26.95,346983
2025-06-11,600988.SH,27.3,27.95,27,27.78,593160
2025-06-12,600988.SH,28.82,29.82,28.5,29.24,1097024
2025-06-15,600988.SH,29.27,29.3,28.1,28.34,709516
2025-06-16,600988.SH,27.9,28.85,27.9,28.19,505775
2025-06-17,600988.SH,28,28.48,27.93,28.16,351345
2025-06-18,600988.SH,27.97,28.05,27.3,27.52,381375
2025-06-19,600988.SH,27.27,27.5,26.78,27,337941
2025-06-22,600988.SH,27.05,27.21,26.35,26.81,383893
2025-06-23,600988.SH,26.57,26.58,25.55,25.6,1017033
2025-06-24,600988.SH,25.65,25.85,25.4,25.5,713781
2025-06-25,600988.SH,25.55,25.65,25.2,25.4,561791
2025-06-26,600988.SH,25.01,25.13,24.66,24.79,675226
2025-06-29,600988.SH,24.6,24.92,24.43,24.88,681664
2025-06-30,600988.SH,25.12,25.33,24.87,25.31,678743
2025-07-01,600988.SH,25.16,25.37,24.75,24.8,612029
2025-07-02,600988.SH,24.82,25.13,24.77,24.9,367478
2025-07-03,600988.SH,24.62,24.68,23.83,24.38,741400
2025-07-06,600988.SH,23.99,24.39,23.99,24.13,317321
2025-07-07,600988.SH,24.48,24.52,24.17,24.33,336112
2025-07-08,600988.SH,24,24.18,23.78,23.85,439358
2025-07-09,600988.SH,24,24.08,23.85,24.02,308664
2025-07-10,600988.SH,24.04,24.38,23.91,24.29,537016
2025-07-13,600988.SH,24.53,24.62,24.31,24.51,672009
2025-07-14,600988.SH,23.89,24.28,23.79,23.98,621195
2025-07-15,600988.SH,23.81,24.15,23.79,24.14,337242
2025-07-16,600988.SH,24.1,24.25,23.61,23.66,597097
2025-07-17,600988.SH,23.65,23.79,23.57,23.75,370323
2025-07-20,600988.SH,23.75,23.94,23.63,23.91,497840
2025-07-21,600988.SH,24.15,24.65,24.11,24.39,940619
2025-07-22,600988.SH,24.72,24.72,24.23,24.25,538298
2025-07-23,600988.SH,23.9,24.09,23.6,24.05,566353
2025-07-24,600988.SH,23.88,24.12,23.72,23.75,359727
2025-07-27,600988.SH,23.65,23.66,23.21,23.38,505452
2025-07-28,600988.SH,23.2,23.36,22.77,23.31,600604
2025-07-29,600988.SH,23.37,23.59,23.2,23.25,451833
2025-07-30,600988.SH,22.91,22.99,22.61,22.89,502524
2025-07-31,600988.SH,22.8,23.07,22.73,22.85,298067
2025-08-03,600988.SH,23.4,24.59,23.4,24.55,1447979
2025-08-04,600988.SH,24.75,24.9,24.38,24.64,897975
2025-08-05,600988.SH,24.66,24.74,24.41,24.74,560648
2025-08-06,600988.SH,24.7,25.65,24.43,25.55,832307
2025-08-07,600988.SH,26.1,26.35,25.57,25.9,963467
2025-08-10,600988.SH,25,25.13,24.46,24.52,941520
2025-08-11,600988.SH,24.41,24.7,24.38,24.58,405301
2025-08-12,600988.SH,24.49,25,24.29,24.94,552977
2025-08-13,600988.SH,24.95,25.15,24.57,24.64,426229
2025-08-14,600988.SH,24.27,24.64,24.13,24.58,355466
2025-08-17,600988.SH,24.47,24.6,24.07,24.43,561178
2025-08-18,600988.SH,24.27,24.36,24.06,24.19,374030
2025-08-19,600988.SH,23.99,24.38,23.9,24.38,332531
2025-08-20,600988.SH,24.53,24.75,24.12,24.23,431110
2025-08-21,600988.SH,24.16,24.44,24.01,24.32,421380
2025-08-24,600988.SH,24.7,25.31,24.7,25.3,898901
2025-08-25,600988.SH,25.36,25.72,25.12,25.57,637948
2025-08-26,600988.SH,25.72,25.73,24.81,24.81,601189
2025-08-27,600988.SH,25.01,25.53,24.47,25.08,516651
2025-08-28,600988.SH,25.48,26.21,25.4,25.97,954898
2025-08-31,600988.SH,26.8,28.45,26.31,28.05,1456397
2025-09-01,600988.SH,28.65,28.86,27.59,27.81,1103272
2025-09-02,600988.SH,28.87,29.37,27.7,28.02,960782
2025-09-03,600988.SH,28.13,28.29,26.24,26.56,994401
2025-09-04,600988.SH,26.58,27.96,26.57,27.85,855127
2025-09-07,600988.SH,28.5,28.57,27.52,28,699469
2025-09-08,600988.SH,28.76,30.8,28.62,30.8,1576169
2025-09-09,600988.SH,29.3,30.58,29.18,30.25,1109070
2025-09-10,600988.SH,30.26,30.27,29.26,29.77,839300
2025-09-11,600988.SH,29.65,30.15,29.1,29.75,842123
2025-09-14,600988.SH,29.19,29.68,28.82,29.3,593874
2025-09-15,600988.SH,30.08,30.11,28.57,29.58,744002
2025-09-16,600988.SH,29,29.08,28.1,28.5,733104
2025-09-17,600988.SH,27.89,28.47,27.22,27.4,693449
2025-09-18,600988.SH,27.5,27.89,27.22,27.6,443395
2025-09-21,600988.SH,28.4,28.91,27.61,28.8,667003
2025-09-22,600988.SH,29.3,29.8,28.21,28.95,752248
2025-09-23,600988.SH,28.82,29.33,28.49,29.19,550386
2025-09-24,600988.SH,28.67,28.8,27.92,28.23,607620
2025-09-25,600988.SH,28.2,28.76,28.05,28.1,400272
2025-09-28,600988.SH,28.58,29.38,27.83,29,631219
2025-09-29,600988.SH,29.5,29.89,29.16,29.58,673613
2025-10-08,600988.SH,32.54,32.54,31.23,32.1,1341852
2025-10-09,600988.SH,30.61,30.8,29.63,29.86,840434
2025-10-12,600988.SH,30.31,32.3,30.18,32.1,1069963
2025-10-13,600988.SH,33.5,34,30.08,30.58,1182315
2025-10-14,600988.SH,31.66,31.89,30.55,31.55,770858
2025-10-15,600988.SH,31.65,32.6,30.8,31.13,705325
2025-10-16,600988.SH,32.4,32.6,30.84,31,802831
2025-10-19,600988.SH,29.52,29.9,28.54,28.88,851453
2025-10-20,600988.SH,29.64,29.95,29.15,29.47,581223
2025-10-21,600988.SH,27.12,28.58,27.12,28.47,580461
2025-10-22,600988.SH,28.03,28.91,27.61,28.78,427587
2025-10-23,600988.SH,28.8,28.95,28.3,28.88,409911
2025-10-26,600988.SH,29.05,30.31,29.05,29.76,699836
2025-10-27,600988.SH,29.13,29.45,28.44,28.48,567071
2025-10-28,600988.SH,28.8,29.69,28.74,29.61,433516
2025-10-29,600988.SH,29.1,30,28.91,29.66,445257
2025-10-30,600988.SH,30.15,30.38,29.59,29.79,466746
2025-11-02,600988.SH,29.18,29.93,28.36,29.92,435737
2025-11-03,600988.SH,29.38,29.56,28.37,28.57,391923
2025-11-04,600988.SH,27.97,29.45,27.78,29.26,411015
2025-11-05,600988.SH,29.23,29.76,28.91,29.7,303908
2025-11-06,600988.SH,29.63,30.16,29.4,29.63,281485
2025-11-09,600988.SH,30.5,31,30.29,30.93,560302
2025-11-10,600988.SH,31.4,31.86,30.51,30.58,439247
2025-11-11,600988.SH,30.54,31.11,30.38,30.49,294192
2025-11-12,600988.SH,31.2,31.8,30.75,31.44,472102
2025-11-13,600988.SH,30.88,31.3,30.61,30.62,280529
2025-11-16,600988.SH,30.04,30.19,29.5,29.96,339127
2025-11-17,600988.SH,29.58,29.73,29.01,29.3,286849
2025-11-18,600988.SH,29.41,31.74,29.4,31.35,527920
2025-11-19,600988.SH,30.8,31.86,30.8,30.95,392254
2025-11-20,600988.SH,30.6,31.25,30.09,30.25,358286
2025-11-23,600988.SH,30.24,30.39,29.3,29.77,332105
2025-11-24,600988.SH,30.37,31.31,30.11,30.67,373497
2025-11-25,600988.SH,30.66,31.25,30.5,30.73,290608
2025-11-26,600988.SH,30.76,31.63,30.68,31.08,326895
2025-11-27,600988.SH,31.41,32.66,31.12,32,507139
2025-11-30,600988.SH,32.62,32.9,31.8,32.2,519193
2025-12-01,600988.SH,31.51,32.04,31.36,31.61,329291
2025-12-02,600988.SH,31.51,31.73,30.77,30.88,320008
2025-12-03,600988.SH,31,31.23,30.3,30.37,261562
2025-12-04,600988.SH,30.39,31.17,30.29,31.04,289094
2025-12-07,600988.SH,31.07,31.08,30.45,30.74,289148
2025-12-08,600988.SH,30.44,30.5,29.53,29.81,446659
2025-12-09,600988.SH,30.15,30.45,30,30.32,301475
2025-12-10,600988.SH,30.71,31.55,30.33,30.56,467128
2025-12-11,600988.SH,31.3,31.39,30.87,31.2,334298
2025-12-14,600988.SH,31.26,32.75,31.18,32.69,630599
2025-12-15,600988.SH,32.03,32.6,30.6,30.93,605408
2025-12-16,600988.SH,31.27,32.5,31.1,32,468225
2025-12-17,600988.SH,31.6,32.69,31.56,32.26,350355
2025-12-18,600988.SH,32.01,32.06,31.03,31.95,338688
2025-12-21,600988.SH,32.34,33.5,32.27,33.1,411555
2025-12-22,600988.SH,33.88,34.25,33.12,33.36,547279
2025-12-23,600988.SH,33.95,33.97,32.39,32.63,516787
2025-12-24,600988.SH,32.07,32.2,31.62,31.79,364280
2025-12-25,600988.SH,32.23,32.74,31.89,32.27,409677
2025-12-28,600988.SH,32.3,32.78,31.73,31.74,478832
2025-12-29,600988.SH,30.7,31.9,30.69,31.63,413023
2025-12-30,600988.SH,31.61,32.04,30.89,31.24,416560
2026-01-04,600988.SH,31.79,32.32,31.7,31.99,532463
2026-01-05,600988.SH,31.66,32.71,31.25,32.01,867794
2026-01-06,600988.SH,32.04,32.2,30.89,31.01,804609
2026-01-07,600988.SH,30.81,31.32,30.15,30.41,668790
2026-01-08,600988.SH,30.35,31.25,30.24,31.03,652114
2026-01-11,600988.SH,31.8,31.97,31.11,31.28,639742
2026-01-12,600988.SH,31.3,32.43,31.19,31.81,836724
2026-01-13,600988.SH,32.28,32.64,31.86,32.32,853694
2026-01-14,600988.SH,32.24,34,31.71,32.94,997063
2026-01-15,600988.SH,32.51,33.16,32.12,32.3,568641
2026-01-18,600988.SH,32.9,33.4,32.43,33.38,693099
2026-01-19,600988.SH,33.38,35.39,32.06,34.96,1230638
2026-01-20,600988.SH,36,38.46,35.66,38.39,1437008
2026-01-21,600988.SH,36.85,37.87,36.39,37.33,1002211
2026-01-22,600988.SH,38.68,40.3,38.17,38.82,1157277
2026-01-25,600988.SH,40.66,42.7,40.6,42.69,1316862
2026-01-26,600988.SH,41.21,44.45,40.75,42.6,1467965
2026-01-27,600988.SH,43.96,46.86,43.11,46.86,1396342
2026-01-28,600988.SH,50,51.5,45.6,48,1902540
2026-01-29,600988.SH,44,45,43.2,43.2,940307
2026-02-01,600988.SH,38.88,38.88,38.88,38.88,74011
2026-02-02,600988.SH,36.5,40.42,36.15,39.78,1992373
2026-02-03,600988.SH,40.49,40.49,37.62,38.53,1352170
2026-02-04,600988.SH,37,38.25,36,36.83,1044984
2026-02-05,600988.SH,35,37.72,35,37.01,908960
2026-02-08,600988.SH,37.9,37.92,36.91,37.13,696320
2026-02-09,600988.SH,37.05,37.25,36.52,36.78,479366
2026-02-10,600988.SH,36.71,38.75,36.71,38.22,747292
2026-02-11,600988.SH,37.96,38.88,37.96,38.25,555062
2026-02-12,600988.SH,37.3,38.23,37.25,37.3,491554
2026-02-23,600988.SH,39,39.8,38.55,39.33,736570
2026-02-24,600988.SH,39.18,39.6,38.45,39.2,688987
2026-02-25,600988.SH,39,39.38,38.68,38.77,435061
2026-02-26,600988.SH,38.62,40.05,38.56,39.92,728830
2026-03-01,600988.SH,41.5,43.91,40.06,43.91,1517327
2026-03-02,600988.SH,42.68,45.58,41.82,42.7,1354325
2026-03-03,600988.SH,40.09,42.23,40.09,41.58,853115
2026-03-04,600988.SH,41.86,41.91,39.87,40.34,648175
2026-03-05,600988.SH,39.5,41.1,39.05,39.94,486543
2026-03-08,600988.SH,38.99,41.03,38,40.55,726322
2026-03-09,600988.SH,40.83,41.39,40.21,40.86,455495
2026-03-10,600988.SH,41.28,42.45,41.28,41.73,567251
2026-03-11,600988.SH,41.3,43.25,41.26,42.35,747076
2026-03-12,600988.SH,41.82,42.56,40.87,40.91,492387
2026-03-15,600988.SH,40.3,40.46,38.06,39.6,729669
2026-03-16,600988.SH,39.6,41.2,39.43,40.01,503743
2026-03-17,600988.SH,39.91,40.89,39.55,40.82,503180
2026-03-18,600988.SH,39.91,40.89,39.55,40.82,503180
2026-03-19,600988.SH,39.91,40.89,39.55,40.82,503180
2026-03-22,600988.SH,36.74,36.74,36.74,36.74,62322
2026-03-23,600988.SH,35.52,36.45,33.08,36.12,1479153
2026-03-24,600988.SH,37.01,39.6,37.01,38.33,1243734
2026-03-25,600988.SH,38.32,38.69,36.93,37.3,540408
2026-03-26,600988.SH,36.65,40.13,36.65,39.8,709867
2026-03-29,600988.SH,39.81,43.09,39.66,42.94,830940
2026-03-30,600988.SH,43,43.85,42.8,43.15,796004
2026-03-31,600988.SH,44.5,46.33,44.5,45.35,824689
2026-04-01,600988.SH,45,46.03,43.01,45,893075
2026-04-02,600988.SH,44.93,45.28,44.06,45.25,425046
2026-04-06,600988.SH,44.6,45.29,43.48,43.69,526737
2026-04-07,600988.SH,46.18,47.49,45.72,47.36,816861
2026-04-08,600988.SH,45.5,46.6,45.49,45.85,523779
2026-04-09,600988.SH,46.3,46.4,44.93,45.08,383089
2026-04-12,600988.SH,44.8,44.96,43.7,44.18,403747
2026-04-13,600988.SH,44.94,44.96,43.6,44.01,345388
2026-04-14,600988.SH,44.99,45.2,43.19,43.3,370813
2026-04-15,600988.SH,43.8,44.3,42.6,44.1,384944
2026-04-16,600988.SH,43.36,43.95,43.15,43.42,322408
2026-04-19,600988.SH,43.02,44.62,43.02,44.24,402885
2026-04-20,600988.SH,44.23,44.78,43.25,44.33,264431
2026-04-21,600988.SH,43.96,44.25,43.05,43.22,388593
2026-04-22,600988.SH,42.81,42.89,40.3,41.17,595936
2026-04-23,600988.SH,41,41.16,39.56,40.69,353275
2026-04-26,600988.SH,40,40.6,38.82,38.98,534300
2026-04-27,600988.SH,38.84,39.22,37.28,37.37,442783
2026-04-28,600988.SH,37.22,39.07,37.07,38.88,541234
2026-04-29,600988.SH,38.31,38.88,37.61,38,412085
2026-05-05,600988.SH,38.56,41.28,37.68,41.11,883681
2026-05-06,600988.SH,41.84,42.99,41.61,42.36,691037
2026-05-07,600988.SH,41.85,44.88,41.64,44.4,690784
2026-05-10,600988.SH,43.55,43.55,41.31,42.04,791050
2026-05-11,600988.SH,42.66,43.25,40.73,40.95,545031
2026-05-12,600988.SH,40.92,41.73,40.26,40.8,463057
2026-05-13,600988.SH,40.55,40.96,39.68,39.68,431872
2026-05-14,600988.SH,38.86,38.86,37.25,37.64,644465
2026-05-17,600988.SH,36.66,36.9,35.96,36.66,597063
2026-05-18,600988.SH,36.67,37.18,36.04,36.26,368666
2026-05-19,600988.SH,35.47,35.88,34.63,35.68,571170
2026-05-20,600988.SH,36.57,36.97,34.47,34.5,459372
2026-05-21,600988.SH,34.55,35.57,34.08,35.15,347791
2026-05-24,600988.SH,36.2,37.14,35.57,36.03,433081
2026-05-25,600988.SH,35.26,38.43,34.83,38.17,711693
2026-05-26,600988.SH,37.25,38,35.61,35.74,454529
2026-05-27,600988.SH,35.15,35.59,33.74,34,497378
2026-05-28,600988.SH,35,35.1,33.23,33.37,478838
2026-05-31,600988.SH,33.36,33.97,32.9,33.5,337448
2026-06-01,600988.SH,33.55,34.42,32.41,34.15,480893
2026-06-02,600988.SH,33.3,33.93,32.81,33.45,349435
2026-06-03,600988.SH,33.28,33.4,31.92,32.23,419701
2026-06-04,600988.SH,32.02,32.18,31.15,31.36,322847
2026-06-07,600988.SH,29.75,30.28,28.9,29.2,714710
2026-06-08,600988.SH,29.5,29.66,28.57,29.37,416306
2026-06-09,600988.SH,28.2,28.79,27.71,28.17,612309
2026-06-10,600988.SH,27.61,28.87,27.51,28.26,425502
2026-06-11,600988.SH,29.26,30.93,28.81,30.37,954485
2026-06-14,600988.SH,32.49,33.38,31.96,32.63,858661
2026-06-15,600988.SH,32.6,32.73,31.65,31.98,401603
2026-06-16,600988.SH,32.4,32.52,31.72,32.5,373596
2026-06-17,600988.SH,31.64,32.5,30.54,30.59,604830
2026-06-21,600988.SH,30.33,31.16,29.3,31.09,619449
2026-06-22,600988.SH,30.36,30.66,27.98,27.98,680996
2026-06-23,600988.SH,27.5,28.38,27.28,28.19,553243
2026-06-24,600988.SH,27.18,27.29,26.53,26.62,688607
2026-06-25,600988.SH,26.8,26.9,25,25.93,600244
2026-06-28,600988.SH,25.8,26.88,25.35,26.68,624562
2026-06-29,600988.SH,25.7,26.42,25.68,26.32,517739
2026-06-30,600988.SH,26,26.39,25.51,25.81,490962
2026-07-01,600988.SH,26.64,28.39,26.64,28.39,673026
2026-07-02,600988.SH,30.37,31.23,29.86,31.23,372467
2026-07-05,600988.SH,31.23,33.59,31.23,31.6,1483166
2026-07-06,600988.SH,30.31,31.49,30.23,30.42,714000
2026-07-07,600988.SH,30.03,32.05,29.5,31.32,903481
2026-07-08,600988.SH,29.9,31.49,29.9,31.35,663506
2026-07-09,600988.SH,31.81,33.64,30.45,32.84,861807
2026-07-12,600988.SH,31.6,33.13,31.07,32.33,648712
2026-07-13,600988.SH,31.69,35.08,30.88,34.95,859098
2026-07-14,600988.SH,33.94,35.35,33.39,33.4,827023
2026-07-15,600988.SH,32.81,35.61,32.78,34.62,636745
2026-07-16,600988.SH,34.17,34.56,31.16,31.74,887527
2026-07-19,600988.SH,31.25,33.2,30.93,32.25,606365
2026-07-20,600988.SH,33.1,35.48,32.81,35.48,811912
2026-07-21,600988.SH,36.82,39.03,36.59,38.22,1084722
2026-07-22,600988.SH,38.23,40.78,37.22,38.83,1096695
2026-07-23,600988.SH,36.35,37.87,35,36.49,831977
2026-07-26,600988.SH,37.8,38.56,36.03,38.14,749888
2026-07-27,600988.SH,37.09,37.5,36.22,37.29,508178
2026-07-28,600988.SH,36.7,38.34,36.57,37.86,510380
2026-07-29,600988.SH,38.96,39.99,37,37.17,777590
2026-07-30,600988.SH,37.6,40.79,37.5,39.56,897949
2026-08-02,600988.SH,38.2,39.34,36.89,38.86,533706
2026-08-03,600988.SH,38.53,38.85,37.15,37.75,635509
2026-08-04,600988.SH,38.2,41,37.57,40.84,733872
2026-08-05,600988.SH,43.53,43.6,41.08,41.3,882901
2026-08-06,600988.SH,41.02,42.09,40.2,42.09,774417
2026-08-09,600988.SH,41.9,44.18,40.68,43.73,817378
2026-08-10,600988.SH,44.8,45.99,39.8,40.3,1220211
2026-08-11,600988.SH,40.31,41.2,39.8,40.98,687519
2026-08-12,600988.SH,41,41.53,38.6,38.66,789240
2026-08-13,600988.SH,37.67,39.99,37.5,39.78,558126
2026-08-16,600988.SH,40.5,41.54,40.19,40.78,404548
2026-08-17,600988.SH,41.05,42.68,40.79,42.21,514787
2026-08-18,600988.SH,40.8,43.7,40.66,42.72,611302
2026-08-19,600988.SH,45,46.99,44.55,46.1,1026165
2026-08-20,600988.SH,46.98,49.88,46.11,49.43,1013615
2026-08-23,600988.SH,49.6,51.99,47.49,48.77,1175790
2026-08-24,600988.SH,49.01,49.2,46,47.66,859635
2026-08-25,600988.SH,47.47,48.79,46.78,46.85,614209
2026-08-26,600988.SH,46.68,49.46,46.63,48.22,721654
2026-08-27,600988.SH,47.8,49.3,46.73,49.09,579583
2026-08-30,600988.SH,46,46.97,44.4,46.81,863877
2026-08-31,600988.SH,46.5,47.45,45.9,46,462858
2026-09-01,600988.SH,45,46.13,43.61,45.77,605028
2026-09-02,600988.SH,46.63,47.45,45.88,46.6,572217
2026-09-03,600988.SH,47.21,47.63,45.31,45.69,539941
2026-09-06,600988.SH,44.5,45.6,44.25,44.48,412459
2026-09-07,600988.SH,44.89,45.03,43.82,44.2,396407
2026-09-08,600988.SH,43.4,44.53,43.17,43.88,465537
2026-09-09,600988.SH,43.52,44.63,43.07,44.3,407400
2026-09-10,600988.SH,42.9,44.73,42.32,44.39,518463
2026-09-13,600988.SH,43.51,45.6,43.3,44.48,374958
2026-09-14,600988.SH,44.48,45,43.13,43.54,337490
2026-09-15,600988.SH,44,45.89,43.1,45.44,480155
2026-09-16,600988.SH,44.88,45.3,42.1,43.44,679227
2026-09-17,600988.SH,44.31,44.37,42.6,44.26,553588
2026-09-20,600988.SH,43.85,44.3,42.85,42.96,378993
2026-09-21,600988.SH,42.88,43.55,42.3,42.4,319922
2026-09-22,600988.SH,42.7,43.13,42.08,42.5,258765
2026-09-23,600988.SH,41.96,42.25,40.25,40.28,477923
2026-09-27,600988.SH,39.2,39.8,37.79,38.07,429779
2026-09-28,600988.SH,37.33,38.89,36.83,38.44,434047
2026-09-29,600988.SH,38.58,39.8,38.25,39.56,414536
