symbol,industry,tier,leader_score,size_score,effective_date
600036.SH,银行,leader,1.00,1.00,2022-08-16
601318.SH,保险,leader,1.00,1.00,2022-08-16
600519.SH,食品饮料,leader,1.00,1.00,2022-08-16
000333.SZ,家电,leader,0.95,0.95,2022-08-16
600276.SH,医药,leader,0.95,0.95,2022-08-16
002371.SZ,半导体设备,leader,0.98,0.95,2022-08-16
300750.SZ,新能源电池,leader,1.00,1.00,2022-08-16
600938.SH,能源,leader,1.00,1.00,2022-08-16
601899.SH,有色,leader,0.98,1.00,2022-08-16
600900.SH,电力,leader,0.95,0.95,2022-08-16
601138.SH,电子制造,leader,0.92,0.90,2022-08-16
002594.SZ,汽车,leader,0.98,0.98,2022-08-16
600941.SH,通信,leader,0.98,1.00,2022-08-16
601857.SH,石油天然气,leader,0.92,1.00,2022-08-16
601088.SH,煤炭,leader,0.92,0.98,2022-08-16
688981.SH,半导体,leader,0.95,0.95,2022-08-16
300308.SZ,光模块,leader,0.95,0.90,2022-08-16
002475.SZ,电子,large,0.88,0.90,2022-08-16
600150.SH,造船,large,0.90,0.88,2022-08-16
002415.SZ,安防,large,0.88,0.88,2022-08-16
603259.SH,医药服务,large,0.82,0.88,2022-08-16
600030.SH,证券,large,0.90,0.92,2022-08-16
300059.SZ,互联网金融,large,0.90,0.90,2022-08-16
000858.SZ,食品饮料,large,0.82,0.90,2022-08-16
601225.SH,煤炭,large,0.82,0.90,2022-08-16
601919.SH,航运,large,0.84,0.90,2022-08-16
603986.SH,半导体,large,0.85,0.86,2022-08-16
688012.SH,半导体设备,large,0.88,0.85,2022-08-16
002714.SZ,畜牧业,large,0.80,0.82,2022-08-16
603799.SH,有色,large,0.88,0.82,2022-08-16
600760.SH,航空装备,large,0.90,0.82,2022-08-16
600988.SH,黄金,mid,0.78,0.72,2022-08-16
601100.SH,工业机械,mid,0.68,0.70,2022-08-16
603011.SH,工业机械,tactical,0.20,0.35,2022-08-16
002164.SZ,工业机械,tactical,0.22,0.40,2022-08-16
002388.SZ,电子设备,tactical,0.22,0.42,2022-08-16
